<?xml version="1.0" encoding="UTF-8"?>
<export version="D">
  <design>
    <source>C:/Users/Simon/Dropbox/HSLU/KiCad/Wall_F_V4/Wall-F_V3.sch</source>
    <date>02.06.2018 16:04:26</date>
    <tool>Eeschema 4.0.7</tool>
    <sheet number="1" name="/" tstamps="/">
      <title_block>
        <title>DAC Sumo Robot</title>
        <company>Hochschule Luzern</company>
        <rev>2.0</rev>
        <date>2017-12-16</date>
        <source>Wall-F_V3.sch</source>
        <comment number="1" value=""/>
        <comment number="2" value=""/>
        <comment number="3" value=""/>
        <comment number="4" value=""/>
      </title_block>
    </sheet>
  </design>
  <components>
    <comp ref="R1">
      <value>100</value>
      <footprint>Resistors_SMD:R_0805</footprint>
      <libsource lib="device" part="R"/>
      <sheetpath names="/" tstamps="/"/>
      <tstamp>5AB14D2E</tstamp>
    </comp>
    <comp ref="R5">
      <value>4k7</value>
      <footprint>Resistors_SMD:R_0805</footprint>
      <libsource lib="device" part="R"/>
      <sheetpath names="/" tstamps="/"/>
      <tstamp>5AB14F43</tstamp>
    </comp>
    <comp ref="R2">
      <value>10k</value>
      <footprint>Resistors_SMD:R_0805</footprint>
      <libsource lib="device" part="R"/>
      <sheetpath names="/" tstamps="/"/>
      <tstamp>5ACA4C0F</tstamp>
    </comp>
    <comp ref="U2">
      <value>DRV8835</value>
      <footprint>Housings_SON:WSON-12-1EP_3x2mm_Pitch0.5mm</footprint>
      <libsource lib="Wall-F_V3-cache" part="DRV8835"/>
      <sheetpath names="/" tstamps="/"/>
      <tstamp>5ACA72C4</tstamp>
    </comp>
    <comp ref="C6">
      <value>100n</value>
      <footprint>Capacitors_SMD:C_0805</footprint>
      <libsource lib="device" part="C"/>
      <sheetpath names="/" tstamps="/"/>
      <tstamp>5ACA72C5</tstamp>
    </comp>
    <comp ref="C3">
      <value>1u</value>
      <footprint>Capacitors_SMD:C_0805</footprint>
      <libsource lib="device" part="C"/>
      <sheetpath names="/" tstamps="/"/>
      <tstamp>5ACA72C6</tstamp>
    </comp>
    <comp ref="C2">
      <value>220u</value>
      <footprint>Capacitors_SMD:CP_Elec_6.3x7.7</footprint>
      <libsource lib="device" part="CP"/>
      <sheetpath names="/" tstamps="/"/>
      <tstamp>5ACA72C7</tstamp>
    </comp>
    <comp ref="C1">
      <value>220u</value>
      <footprint>Capacitors_SMD:CP_Elec_6.3x7.7</footprint>
      <libsource lib="device" part="CP"/>
      <sheetpath names="/" tstamps="/"/>
      <tstamp>5ACA72C8</tstamp>
    </comp>
    <comp ref="C4">
      <value>3n3</value>
      <footprint>Capacitors_SMD:C_0805</footprint>
      <libsource lib="device" part="C"/>
      <sheetpath names="/" tstamps="/"/>
      <tstamp>5ACA72C9</tstamp>
    </comp>
    <comp ref="C5">
      <value>3n3</value>
      <footprint>Capacitors_SMD:C_0805</footprint>
      <libsource lib="device" part="C"/>
      <sheetpath names="/" tstamps="/"/>
      <tstamp>5ACA72CA</tstamp>
    </comp>
    <comp ref="C7">
      <value>100n</value>
      <footprint>Capacitors_SMD:C_0805</footprint>
      <libsource lib="device" part="C"/>
      <sheetpath names="/" tstamps="/"/>
      <tstamp>5ACA72CB</tstamp>
    </comp>
    <comp ref="SW1">
      <value>SW_FWD</value>
      <footprint>Libraries:SW_SPST_B3S-1000_LONG</footprint>
      <libsource lib="switches" part="SW_Push"/>
      <sheetpath names="/" tstamps="/"/>
      <tstamp>5ACAA6CB</tstamp>
    </comp>
    <comp ref="R7">
      <value>100k</value>
      <footprint>Resistors_SMD:R_0805</footprint>
      <libsource lib="device" part="R"/>
      <sheetpath names="/" tstamps="/"/>
      <tstamp>5ACAAAD1</tstamp>
    </comp>
    <comp ref="SW2">
      <value>SW_REV</value>
      <footprint>Libraries:SW_SPST_B3S-1000_LONG</footprint>
      <libsource lib="switches" part="SW_Push"/>
      <sheetpath names="/" tstamps="/"/>
      <tstamp>5ACAB128</tstamp>
    </comp>
    <comp ref="R8">
      <value>100k</value>
      <footprint>Resistors_SMD:R_0805</footprint>
      <libsource lib="device" part="R"/>
      <sheetpath names="/" tstamps="/"/>
      <tstamp>5ACAB134</tstamp>
    </comp>
    <comp ref="SW3">
      <value>SW_MSW</value>
      <footprint>Pin_Headers:Pin_Header_Straight_1x02_Pitch2.54mm</footprint>
      <libsource lib="switches" part="SW_Push"/>
      <sheetpath names="/" tstamps="/"/>
      <tstamp>5ACAB34E</tstamp>
    </comp>
    <comp ref="R9">
      <value>100k</value>
      <footprint>Resistors_SMD:R_0805</footprint>
      <libsource lib="device" part="R"/>
      <sheetpath names="/" tstamps="/"/>
      <tstamp>5ACAB35A</tstamp>
    </comp>
    <comp ref="D1">
      <value>LED</value>
      <footprint>LEDs:LED_0805</footprint>
      <libsource lib="device" part="LED"/>
      <sheetpath names="/" tstamps="/"/>
      <tstamp>5ACABA99</tstamp>
    </comp>
    <comp ref="R10">
      <value>47</value>
      <footprint>Resistors_SMD:R_0805</footprint>
      <libsource lib="device" part="R"/>
      <sheetpath names="/" tstamps="/"/>
      <tstamp>5ACABC64</tstamp>
    </comp>
    <comp ref="J3">
      <value>PWR</value>
      <footprint>Pin_Headers:Pin_Header_Straight_1x02_Pitch2.54mm</footprint>
      <libsource lib="conn" part="Conn_01x02"/>
      <sheetpath names="/" tstamps="/"/>
      <tstamp>5ACAE379</tstamp>
    </comp>
    <comp ref="J8">
      <value>Motor Sproc</value>
      <footprint>Pin_Headers:Pin_Header_Straight_1x02_Pitch2.54mm</footprint>
      <libsource lib="conn" part="Conn_01x02"/>
      <sheetpath names="/" tstamps="/"/>
      <tstamp>5ACB2DF2</tstamp>
    </comp>
    <comp ref="J9">
      <value>Motor Tape</value>
      <footprint>Pin_Headers:Pin_Header_Straight_1x02_Pitch2.54mm</footprint>
      <libsource lib="conn" part="Conn_01x02"/>
      <sheetpath names="/" tstamps="/"/>
      <tstamp>5ACB3240</tstamp>
    </comp>
    <comp ref="J10">
      <value>H-Bridge</value>
      <footprint>Pin_Headers:Pin_Header_Straight_1x05_Pitch2.54mm</footprint>
      <libsource lib="conn" part="Conn_01x05"/>
      <sheetpath names="/" tstamps="/"/>
      <tstamp>5ACB433C</tstamp>
    </comp>
    <comp ref="U4">
      <value>MK20DX128VFT</value>
      <footprint>Housings_DFN_QFN:QFN-48-1EP_7x7mm_Pitch0.5mm</footprint>
      <libsource lib="Wall-F_V3-cache" part="MK20DX128VFT"/>
      <sheetpath names="/" tstamps="/"/>
      <tstamp>5AD34822</tstamp>
    </comp>
    <comp ref="U5">
      <value>TC1262-33</value>
      <footprint>TO_SOT_Packages_SMD:SOT-223-3_TabPin2</footprint>
      <libsource lib="regul" part="TC1262-33"/>
      <sheetpath names="/" tstamps="/"/>
      <tstamp>5AD36209</tstamp>
    </comp>
    <comp ref="C15">
      <value>100n</value>
      <footprint>Capacitors_SMD:C_0805</footprint>
      <libsource lib="device" part="C"/>
      <sheetpath names="/" tstamps="/"/>
      <tstamp>5AD362FE</tstamp>
    </comp>
    <comp ref="C16">
      <value>100n</value>
      <footprint>Capacitors_SMD:C_0805</footprint>
      <libsource lib="device" part="C"/>
      <sheetpath names="/" tstamps="/"/>
      <tstamp>5AD36564</tstamp>
    </comp>
    <comp ref="C14">
      <value>2u2</value>
      <footprint>Capacitors_SMD:C_0805</footprint>
      <libsource lib="device" part="C"/>
      <sheetpath names="/" tstamps="/"/>
      <tstamp>5AD366E5</tstamp>
    </comp>
    <comp ref="D2">
      <value>D_Schottky_x2_ACom_AKK</value>
      <footprint>TO_SOT_Packages_SMD:SOT-23</footprint>
      <libsource lib="device" part="D_Schottky_x2_ACom_AKK"/>
      <sheetpath names="/" tstamps="/"/>
      <tstamp>5AD3814A</tstamp>
    </comp>
    <comp ref="C12">
      <value>2u2</value>
      <footprint>Capacitors_SMD:C_0805</footprint>
      <libsource lib="device" part="C"/>
      <sheetpath names="/" tstamps="/"/>
      <tstamp>5AD39D41</tstamp>
    </comp>
    <comp ref="C11">
      <value>100n</value>
      <footprint>Capacitors_SMD:C_0805</footprint>
      <libsource lib="device" part="C"/>
      <sheetpath names="/" tstamps="/"/>
      <tstamp>5AD3A304</tstamp>
    </comp>
    <comp ref="C10">
      <value>100n</value>
      <footprint>Capacitors_SMD:C_0805</footprint>
      <libsource lib="device" part="C"/>
      <sheetpath names="/" tstamps="/"/>
      <tstamp>5AD3A549</tstamp>
    </comp>
    <comp ref="L1">
      <value>330</value>
      <footprint>Inductors_SMD:L_0805</footprint>
      <libsource lib="device" part="Ferrite_Bead_Small"/>
      <sheetpath names="/" tstamps="/"/>
      <tstamp>5AD3AAA6</tstamp>
    </comp>
    <comp ref="R11">
      <value>0</value>
      <footprint>Resistors_SMD:R_0805</footprint>
      <libsource lib="device" part="R"/>
      <sheetpath names="/" tstamps="/"/>
      <tstamp>5AD3B8BA</tstamp>
    </comp>
    <comp ref="R6">
      <value>470</value>
      <footprint>Resistors_SMD:R_0805</footprint>
      <libsource lib="device" part="R"/>
      <sheetpath names="/" tstamps="/"/>
      <tstamp>5AD3BA4F</tstamp>
    </comp>
    <comp ref="C13">
      <value>100n</value>
      <footprint>Capacitors_SMD:C_0805</footprint>
      <libsource lib="device" part="C"/>
      <sheetpath names="/" tstamps="/"/>
      <tstamp>5AD3BF64</tstamp>
    </comp>
    <comp ref="C9">
      <value>100n</value>
      <footprint>Capacitors_SMD:C_0805</footprint>
      <libsource lib="device" part="C"/>
      <sheetpath names="/" tstamps="/"/>
      <tstamp>5AD3C589</tstamp>
    </comp>
    <comp ref="C8">
      <value>2u2</value>
      <footprint>Capacitors_SMD:C_0805</footprint>
      <libsource lib="device" part="C"/>
      <sheetpath names="/" tstamps="/"/>
      <tstamp>5AD3C883</tstamp>
    </comp>
    <comp ref="Y1">
      <value>8MHz</value>
      <footprint>Crystals:Crystal_SMD_0603-4pin_6.0x3.5mm</footprint>
      <libsource lib="device" part="Crystal_GND24"/>
      <sheetpath names="/" tstamps="/"/>
      <tstamp>5AD3F59E</tstamp>
    </comp>
    <comp ref="Y2">
      <value>32.768kHz</value>
      <footprint>Resistors_SMD:R_0805</footprint>
      <libsource lib="device" part="Crystal"/>
      <sheetpath names="/" tstamps="/"/>
      <tstamp>5AD4118E</tstamp>
    </comp>
    <comp ref="J7">
      <value>SWD Interface</value>
      <footprint>Pin_Headers:Pin_Header_Straight_2x05_Pitch1.27mm_SMD</footprint>
      <libsource lib="conn" part="Conn_02x05_Odd_Even"/>
      <sheetpath names="/" tstamps="/"/>
      <tstamp>5AD427FC</tstamp>
    </comp>
    <comp ref="R14">
      <value>10k</value>
      <footprint>Resistors_SMD:R_0805</footprint>
      <libsource lib="device" part="R"/>
      <sheetpath names="/" tstamps="/"/>
      <tstamp>5AD460AA</tstamp>
    </comp>
    <comp ref="C17">
      <value>100n</value>
      <footprint>Capacitors_SMD:C_0805</footprint>
      <libsource lib="device" part="C"/>
      <sheetpath names="/" tstamps="/"/>
      <tstamp>5AD46153</tstamp>
    </comp>
    <comp ref="SW4">
      <value>RESET</value>
      <footprint>Libraries:SW_SPST_B3S-1000_LONG</footprint>
      <libsource lib="switches" part="SW_Push"/>
      <sheetpath names="/" tstamps="/"/>
      <tstamp>5AD467DB</tstamp>
    </comp>
    <comp ref="Q1">
      <value>BC847</value>
      <footprint>TO_SOT_Packages_SMD:SOT-23</footprint>
      <libsource lib="transistors" part="BC847"/>
      <sheetpath names="/" tstamps="/"/>
      <tstamp>5AD5952F</tstamp>
    </comp>
    <comp ref="R12">
      <value>0</value>
      <footprint>Resistors_SMD:R_0805</footprint>
      <libsource lib="device" part="R"/>
      <sheetpath names="/" tstamps="/"/>
      <tstamp>5AD6A454</tstamp>
    </comp>
    <comp ref="J12">
      <value>SW_ENC_LED</value>
      <footprint>Pin_Headers:Pin_Header_Straight_1x06_Pitch2.54mm</footprint>
      <libsource lib="conn" part="Conn_01x06"/>
      <sheetpath names="/" tstamps="/"/>
      <tstamp>5AD73F3E</tstamp>
    </comp>
    <comp ref="J15">
      <value>Daisy Transmit</value>
      <footprint>Pin_Headers:Pin_Header_Angled_2x03_Pitch2.54mm</footprint>
      <libsource lib="conn" part="Conn_02x03_Odd_Even"/>
      <sheetpath names="/" tstamps="/"/>
      <tstamp>5AD76ABE</tstamp>
    </comp>
    <comp ref="J5">
      <value>Conn_01x01</value>
      <footprint>Pin_Headers:Pin_Header_Straight_1x01_Pitch2.54mm</footprint>
      <libsource lib="conn" part="Conn_01x01"/>
      <sheetpath names="/" tstamps="/"/>
      <tstamp>5AE222F7</tstamp>
    </comp>
    <comp ref="J1">
      <value>Conn_01x01</value>
      <footprint>Pin_Headers:Pin_Header_Straight_1x01_Pitch2.54mm</footprint>
      <libsource lib="conn" part="Conn_01x01"/>
      <sheetpath names="/" tstamps="/"/>
      <tstamp>5AE223DD</tstamp>
    </comp>
    <comp ref="J16">
      <value>Conn_01x01</value>
      <footprint>Pin_Headers:Pin_Header_Straight_1x01_Pitch2.54mm</footprint>
      <libsource lib="conn" part="Conn_01x01"/>
      <sheetpath names="/" tstamps="/"/>
      <tstamp>5AE22523</tstamp>
    </comp>
    <comp ref="J17">
      <value>Conn_01x01</value>
      <footprint>Pin_Headers:Pin_Header_Straight_1x01_Pitch2.54mm</footprint>
      <libsource lib="conn" part="Conn_01x01"/>
      <sheetpath names="/" tstamps="/"/>
      <tstamp>5AE2261E</tstamp>
    </comp>
    <comp ref="U3">
      <value>EE-SX1350_PCB</value>
      <footprint>Libraries:EESX1350_Board</footprint>
      <libsource lib="Wall-F_V3-cache" part="EE-SX1350_PCB"/>
      <sheetpath names="/" tstamps="/"/>
      <tstamp>5AF190A6</tstamp>
    </comp>
    <comp ref="U1">
      <value>EE-SX1350_PCB</value>
      <footprint>Libraries:EESX1350_PCB_V4</footprint>
      <libsource lib="Wall-F_V3-cache" part="EE-SX1350_PCB"/>
      <sheetpath names="/" tstamps="/"/>
      <tstamp>5AD63926</tstamp>
    </comp>
    <comp ref="J2">
      <value>Daisy Recieve</value>
      <footprint>Pin_Headers:Pin_Header_Angled_2x03_Pitch2.54mm</footprint>
      <libsource lib="conn" part="Conn_02x03_Odd_Even"/>
      <sheetpath names="/" tstamps="/"/>
      <tstamp>5AD3A919</tstamp>
    </comp>
  </components>
  <libparts>
    <libpart lib="transistors" part="BC817">
      <aliases>
        <alias>BC818</alias>
        <alias>BC847</alias>
        <alias>BC848</alias>
        <alias>BC849</alias>
        <alias>BC850</alias>
        <alias>MMBT3904</alias>
      </aliases>
      <description>45V Vce, 0.8A Ic, NPN, SOT-23</description>
      <docs>http://www.fairchildsemi.com/ds/BC/BC817.pdf</docs>
      <footprints>
        <fp>SOT?23*</fp>
      </footprints>
      <fields>
        <field name="Reference">Q</field>
        <field name="Value">BC817</field>
        <field name="Footprint">TO_SOT_Packages_SMD:SOT-23</field>
      </fields>
      <pins>
        <pin num="1" name="B" type="input"/>
        <pin num="2" name="E" type="passive"/>
        <pin num="3" name="C" type="passive"/>
      </pins>
    </libpart>
    <libpart lib="device" part="C">
      <description>Unpolarized capacitor</description>
      <footprints>
        <fp>C_*</fp>
      </footprints>
      <fields>
        <field name="Reference">C</field>
        <field name="Value">C</field>
      </fields>
      <pins>
        <pin num="1" name="~" type="passive"/>
        <pin num="2" name="~" type="passive"/>
      </pins>
    </libpart>
    <libpart lib="device" part="CP">
      <description>Polarised capacitor</description>
      <footprints>
        <fp>CP_*</fp>
      </footprints>
      <fields>
        <field name="Reference">C</field>
        <field name="Value">CP</field>
      </fields>
      <pins>
        <pin num="1" name="~" type="passive"/>
        <pin num="2" name="~" type="passive"/>
      </pins>
    </libpart>
    <libpart lib="conn" part="Conn_01x01">
      <description>Generic connector, single row, 01x01</description>
      <docs>~</docs>
      <footprints>
        <fp>Connector*:*_??x*mm*</fp>
        <fp>Connector*:*1x??x*mm*</fp>
        <fp>Pin?Header?Straight?1X*</fp>
        <fp>Pin?Header?Angled?1X*</fp>
        <fp>Socket?Strip?Straight?1X*</fp>
        <fp>Socket?Strip?Angled?1X*</fp>
      </footprints>
      <fields>
        <field name="Reference">J</field>
        <field name="Value">Conn_01x01</field>
      </fields>
      <pins>
        <pin num="1" name="Pin_1" type="passive"/>
      </pins>
    </libpart>
    <libpart lib="conn" part="Conn_01x02">
      <description>Generic connector, single row, 01x02</description>
      <docs>~</docs>
      <footprints>
        <fp>Connector*:*_??x*mm*</fp>
        <fp>Connector*:*1x??x*mm*</fp>
        <fp>Pin?Header?Straight?1X*</fp>
        <fp>Pin?Header?Angled?1X*</fp>
        <fp>Socket?Strip?Straight?1X*</fp>
        <fp>Socket?Strip?Angled?1X*</fp>
      </footprints>
      <fields>
        <field name="Reference">J</field>
        <field name="Value">Conn_01x02</field>
      </fields>
      <pins>
        <pin num="1" name="Pin_1" type="passive"/>
        <pin num="2" name="Pin_2" type="passive"/>
      </pins>
    </libpart>
    <libpart lib="conn" part="Conn_01x05">
      <description>Generic connector, single row, 01x05</description>
      <docs>~</docs>
      <footprints>
        <fp>Connector*:*_??x*mm*</fp>
        <fp>Connector*:*1x??x*mm*</fp>
        <fp>Pin?Header?Straight?1X*</fp>
        <fp>Pin?Header?Angled?1X*</fp>
        <fp>Socket?Strip?Straight?1X*</fp>
        <fp>Socket?Strip?Angled?1X*</fp>
      </footprints>
      <fields>
        <field name="Reference">J</field>
        <field name="Value">Conn_01x05</field>
      </fields>
      <pins>
        <pin num="1" name="Pin_1" type="passive"/>
        <pin num="2" name="Pin_2" type="passive"/>
        <pin num="3" name="Pin_3" type="passive"/>
        <pin num="4" name="Pin_4" type="passive"/>
        <pin num="5" name="Pin_5" type="passive"/>
      </pins>
    </libpart>
    <libpart lib="conn" part="Conn_01x06">
      <description>Generic connector, single row, 01x06</description>
      <docs>~</docs>
      <footprints>
        <fp>Connector*:*_??x*mm*</fp>
        <fp>Connector*:*1x??x*mm*</fp>
        <fp>Pin?Header?Straight?1X*</fp>
        <fp>Pin?Header?Angled?1X*</fp>
        <fp>Socket?Strip?Straight?1X*</fp>
        <fp>Socket?Strip?Angled?1X*</fp>
      </footprints>
      <fields>
        <field name="Reference">J</field>
        <field name="Value">Conn_01x06</field>
      </fields>
      <pins>
        <pin num="1" name="Pin_1" type="passive"/>
        <pin num="2" name="Pin_2" type="passive"/>
        <pin num="3" name="Pin_3" type="passive"/>
        <pin num="4" name="Pin_4" type="passive"/>
        <pin num="5" name="Pin_5" type="passive"/>
        <pin num="6" name="Pin_6" type="passive"/>
      </pins>
    </libpart>
    <libpart lib="conn" part="Conn_02x03_Odd_Even">
      <description>Generic connector, double row, 02x03, odd/even pin numbering scheme (row 1 odd numbers, row 2 even numbers)</description>
      <docs>~</docs>
      <footprints>
        <fp>Connector*:*2x??x*mm*</fp>
        <fp>Connector*:*2x???Pitch*</fp>
        <fp>Pin_Header_Straight_2X*</fp>
        <fp>Pin_Header_Angled_2X*</fp>
        <fp>Socket_Strip_Straight_2X*</fp>
        <fp>Socket_Strip_Angled_2X*</fp>
      </footprints>
      <fields>
        <field name="Reference">J</field>
        <field name="Value">Conn_02x03_Odd_Even</field>
      </fields>
      <pins>
        <pin num="1" name="Pin_1" type="passive"/>
        <pin num="2" name="Pin_2" type="passive"/>
        <pin num="3" name="Pin_3" type="passive"/>
        <pin num="4" name="Pin_4" type="passive"/>
        <pin num="5" name="Pin_5" type="passive"/>
        <pin num="6" name="Pin_6" type="passive"/>
      </pins>
    </libpart>
    <libpart lib="conn" part="Conn_02x05_Odd_Even">
      <description>Generic connector, double row, 02x05, odd/even pin numbering scheme (row 1 odd numbers, row 2 even numbers)</description>
      <docs>~</docs>
      <footprints>
        <fp>Connector*:*2x??x*mm*</fp>
        <fp>Connector*:*2x???Pitch*</fp>
        <fp>Pin_Header_Straight_2X*</fp>
        <fp>Pin_Header_Angled_2X*</fp>
        <fp>Socket_Strip_Straight_2X*</fp>
        <fp>Socket_Strip_Angled_2X*</fp>
      </footprints>
      <fields>
        <field name="Reference">J</field>
        <field name="Value">Conn_02x05_Odd_Even</field>
      </fields>
      <pins>
        <pin num="1" name="Pin_1" type="passive"/>
        <pin num="2" name="Pin_2" type="passive"/>
        <pin num="3" name="Pin_3" type="passive"/>
        <pin num="4" name="Pin_4" type="passive"/>
        <pin num="5" name="Pin_5" type="passive"/>
        <pin num="6" name="Pin_6" type="passive"/>
        <pin num="7" name="Pin_7" type="passive"/>
        <pin num="8" name="Pin_8" type="passive"/>
        <pin num="9" name="Pin_9" type="passive"/>
        <pin num="10" name="Pin_10" type="passive"/>
      </pins>
    </libpart>
    <libpart lib="device" part="Crystal">
      <description>Two pin crystal</description>
      <footprints>
        <fp>Crystal*</fp>
      </footprints>
      <fields>
        <field name="Reference">Y</field>
        <field name="Value">Crystal</field>
      </fields>
      <pins>
        <pin num="1" name="1" type="passive"/>
        <pin num="2" name="2" type="passive"/>
      </pins>
    </libpart>
    <libpart lib="device" part="Crystal_GND24">
      <description>Four pin crystal (GND on pins 2 and 4), e.g. in SMD package</description>
      <footprints>
        <fp>Crystal*</fp>
      </footprints>
      <fields>
        <field name="Reference">Y</field>
        <field name="Value">Crystal_GND24</field>
      </fields>
      <pins>
        <pin num="1" name="1" type="passive"/>
        <pin num="2" name="2" type="passive"/>
        <pin num="3" name="3" type="passive"/>
        <pin num="4" name="4" type="passive"/>
      </pins>
    </libpart>
    <libpart lib="Wall-F_V3-cache" part="DRV8835">
      <fields>
        <field name="Reference">U</field>
        <field name="Value">DRV8835</field>
      </fields>
      <pins>
        <pin num="1" name="VMM" type="input"/>
        <pin num="2" name="A_OUT1" type="output"/>
        <pin num="3" name="A_OUT2" type="output"/>
        <pin num="4" name="B_OUT1" type="output"/>
        <pin num="5" name="B_OUT2" type="output"/>
        <pin num="6" name="GND" type="input"/>
        <pin num="7" name="B_IN2_EN" type="input"/>
        <pin num="8" name="B_IN1_PH" type="input"/>
        <pin num="9" name="A_IN2_EN" type="input"/>
        <pin num="10" name="A_IN1_PH" type="input"/>
        <pin num="11" name="MODE" type="input"/>
        <pin num="12" name="VCC" type="input"/>
        <pin num="13" name="GND_Thermal_Pad" type="input"/>
      </pins>
    </libpart>
    <libpart lib="device" part="D_Schottky_x2_ACom_AKK">
      <description>Dual schottky diode, common anode</description>
      <fields>
        <field name="Reference">D</field>
        <field name="Value">D_Schottky_x2_ACom_AKK</field>
      </fields>
      <pins>
        <pin num="1" name="A" type="passive"/>
        <pin num="2" name="K" type="passive"/>
        <pin num="3" name="K" type="passive"/>
      </pins>
    </libpart>
    <libpart lib="Wall-F_V3-cache" part="EE-SX1350_PCB">
      <fields>
        <field name="Reference">U</field>
        <field name="Value">EE-SX1350_PCB</field>
      </fields>
      <pins>
        <pin num="1" name="IR+" type="input"/>
        <pin num="2" name="NC" type="output"/>
        <pin num="3" name="IR-" type="output"/>
        <pin num="4" name="C" type="input"/>
        <pin num="5" name="NC" type="output"/>
        <pin num="6" name="E" type="output"/>
        <pin num="7" name="GND" type="input"/>
      </pins>
    </libpart>
    <libpart lib="device" part="Ferrite_Bead_Small">
      <description>Ferrite bead, small symbol</description>
      <footprints>
        <fp>Inductor_*</fp>
        <fp>L_*</fp>
        <fp>*Ferrite*</fp>
      </footprints>
      <fields>
        <field name="Reference">L</field>
        <field name="Value">Ferrite_Bead_Small</field>
      </fields>
      <pins>
        <pin num="1" name="~" type="passive"/>
        <pin num="2" name="~" type="passive"/>
      </pins>
    </libpart>
    <libpart lib="device" part="LED">
      <description>LED generic</description>
      <footprints>
        <fp>LED*</fp>
      </footprints>
      <fields>
        <field name="Reference">D</field>
        <field name="Value">LED</field>
      </fields>
      <pins>
        <pin num="1" name="K" type="passive"/>
        <pin num="2" name="A" type="passive"/>
      </pins>
    </libpart>
    <libpart lib="Wall-F_V3-cache" part="MK20DX128VFT">
      <footprints>
        <fp>QFN*48</fp>
      </footprints>
      <fields>
        <field name="Reference">U</field>
        <field name="Value">MK20DX128VFT</field>
        <field name="Footprint">Package_DFN_QFN:QFN-32-1EP_5x5mm_P0.5mm_EP3.45x3.45mm</field>
      </fields>
      <pins>
        <pin num="1" name="VDD" type="power_in"/>
        <pin num="2" name="VSS" type="power_in"/>
        <pin num="3" name="USB0_DP" type="BiDi"/>
        <pin num="4" name="USB0_DM" type="BiDi"/>
        <pin num="5" name="VOUT33" type="power_out"/>
        <pin num="6" name="VREGIN" type="power_in"/>
        <pin num="7" name="ADC0_DP0" type="power_in"/>
        <pin num="8" name="ADC0_DM0" type="power_in"/>
        <pin num="9" name="VDDA" type="input"/>
        <pin num="10" name="VREFH" type="input"/>
        <pin num="11" name="VREFL" type="input"/>
        <pin num="12" name="VSSA" type="input"/>
        <pin num="13" name="VREF_OUT" type="output"/>
        <pin num="14" name="EXTAL_32" type="input"/>
        <pin num="15" name="XTAL32" type="output"/>
        <pin num="16" name="VBAT" type="power_in"/>
        <pin num="17" name="PTA0/SWD_CLK" type="BiDi"/>
        <pin num="18" name="PTA1" type="BiDi"/>
        <pin num="19" name="PTA2" type="BiDi"/>
        <pin num="20" name="PTA3/SWD_DI0" type="BiDi"/>
        <pin num="21" name="PTA4" type="BiDi"/>
        <pin num="22" name="VDD" type="power_in"/>
        <pin num="23" name="VSS" type="power_in"/>
        <pin num="24" name="PTA18/EXTAL0" type="BiDi"/>
        <pin num="25" name="PTA19/XTAL0" type="BiDi"/>
        <pin num="26" name="~RESET" type="input"/>
        <pin num="27" name="PTB0/LLWU_P" type="BiDi"/>
        <pin num="28" name="PTB1" type="BiDi"/>
        <pin num="29" name="PTB2" type="BiDi"/>
        <pin num="30" name="PTB3" type="BiDi"/>
        <pin num="31" name="PTB16" type="BiDi"/>
        <pin num="32" name="PTB17" type="BiDi"/>
        <pin num="33" name="PTC0" type="BiDi"/>
        <pin num="34" name="PTC1/LLWU_P6" type="BiDi"/>
        <pin num="35" name="PTC2" type="BiDi"/>
        <pin num="36" name="PTC3/LLWU_P7" type="BiDi"/>
        <pin num="37" name="PTC4/LLWU_P8" type="BiDi"/>
        <pin num="38" name="PTC5/LLWU_P9" type="BiDi"/>
        <pin num="39" name="PTC6/LLWU_P10" type="BiDi"/>
        <pin num="40" name="PTC7" type="BiDi"/>
        <pin num="41" name="PTD0" type="BiDi"/>
        <pin num="42" name="PTD1" type="BiDi"/>
        <pin num="43" name="PTD2" type="BiDi"/>
        <pin num="44" name="PTD3" type="BiDi"/>
        <pin num="45" name="PTD4/LLWU_P14" type="BiDi"/>
        <pin num="46" name="PTD5" type="BiDi"/>
        <pin num="47" name="PTD6/LLWU_P15" type="BiDi"/>
        <pin num="48" name="PTD7" type="BiDi"/>
        <pin num="49" name="EXP" type="input"/>
      </pins>
    </libpart>
    <libpart lib="device" part="R">
      <description>Resistor</description>
      <footprints>
        <fp>R_*</fp>
        <fp>R_*</fp>
      </footprints>
      <fields>
        <field name="Reference">R</field>
        <field name="Value">R</field>
      </fields>
      <pins>
        <pin num="1" name="~" type="passive"/>
        <pin num="2" name="~" type="passive"/>
      </pins>
    </libpart>
    <libpart lib="switches" part="SW_Push">
      <description>Push button switch, generic, two pins</description>
      <fields>
        <field name="Reference">SW</field>
        <field name="Value">SW_Push</field>
      </fields>
      <pins>
        <pin num="1" name="1" type="passive"/>
        <pin num="2" name="2" type="passive"/>
      </pins>
    </libpart>
    <libpart lib="regul" part="TC1262-33">
      <aliases>
        <alias>TC1262-25</alias>
        <alias>TC1262-28</alias>
        <alias>TC1262-30</alias>
        <alias>TC1262-50</alias>
      </aliases>
      <description>500mA Low Dropout CMOS Voltage Regulator, Fixed Output 3.3V, TO-220/SOT-223/TO-263</description>
      <docs>http://ww1.microchip.com/downloads/en/DeviceDoc/21373C.pdf</docs>
      <footprints>
        <fp>SOT?223*</fp>
        <fp>TO?220*</fp>
        <fp>TO?263*</fp>
      </footprints>
      <fields>
        <field name="Reference">U</field>
        <field name="Value">TC1262-33</field>
      </fields>
      <pins>
        <pin num="1" name="VI" type="power_in"/>
        <pin num="2" name="GND" type="power_in"/>
        <pin num="3" name="VO" type="power_out"/>
      </pins>
    </libpart>
  </libparts>
  <libraries>
    <library logical="device">
      <uri>C:\Program Files\KiCad\share\kicad\library\device.lib</uri>
    </library>
    <library logical="switches">
      <uri>C:\Program Files\KiCad\share\kicad\library\switches.lib</uri>
    </library>
    <library logical="transistors">
      <uri>C:\Program Files\KiCad\share\kicad\library\transistors.lib</uri>
    </library>
    <library logical="conn">
      <uri>C:\Program Files\KiCad\share\kicad\library\conn.lib</uri>
    </library>
    <library logical="regul">
      <uri>C:\Program Files\KiCad\share\kicad\library\regul.lib</uri>
    </library>
    <library logical="Wall-F_V3-cache">
      <uri>C:\Users\Simon\Dropbox\HSLU\KiCad\Wall_F_V4\Wall-F_V3-cache.lib</uri>
    </library>
  </libraries>
  <nets>
    <net code="1" name="Net-(C8-Pad1)">
      <node ref="L1" pin="1"/>
      <node ref="C8" pin="1"/>
      <node ref="U4" pin="9"/>
      <node ref="R6" pin="2"/>
    </net>
    <net code="2" name="Net-(C9-Pad1)">
      <node ref="U4" pin="10"/>
      <node ref="R6" pin="1"/>
      <node ref="C9" pin="1"/>
    </net>
    <net code="3" name="Net-(C13-Pad1)">
      <node ref="C13" pin="1"/>
      <node ref="U4" pin="13"/>
    </net>
    <net code="4" name="Net-(C12-Pad1)">
      <node ref="C12" pin="1"/>
      <node ref="U4" pin="5"/>
      <node ref="R11" pin="1"/>
    </net>
    <net code="5" name="VREGIN">
      <node ref="U5" pin="1"/>
      <node ref="C14" pin="1"/>
      <node ref="D2" pin="3"/>
      <node ref="D2" pin="2"/>
      <node ref="C15" pin="1"/>
      <node ref="U4" pin="6"/>
    </net>
    <net code="6" name="Net-(U4-Pad15)">
      <node ref="Y2" pin="1"/>
      <node ref="U4" pin="15"/>
    </net>
    <net code="7" name="Net-(U4-Pad14)">
      <node ref="U4" pin="14"/>
      <node ref="Y2" pin="2"/>
    </net>
    <net code="8" name="SWD_DI0">
      <node ref="U4" pin="20"/>
      <node ref="J7" pin="2"/>
    </net>
    <net code="9" name="SWD_CLK">
      <node ref="U4" pin="17"/>
      <node ref="J7" pin="4"/>
    </net>
    <net code="10" name="Net-(U4-Pad25)">
      <node ref="U4" pin="25"/>
      <node ref="Y1" pin="3"/>
    </net>
    <net code="11" name="+3V3">
      <node ref="R1" pin="2"/>
      <node ref="R9" pin="1"/>
      <node ref="R2" pin="2"/>
      <node ref="C7" pin="2"/>
      <node ref="R10" pin="1"/>
      <node ref="U2" pin="12"/>
      <node ref="R11" pin="2"/>
      <node ref="R14" pin="1"/>
      <node ref="C11" pin="1"/>
      <node ref="C10" pin="1"/>
      <node ref="R7" pin="1"/>
      <node ref="U5" pin="3"/>
      <node ref="U4" pin="1"/>
      <node ref="C16" pin="1"/>
      <node ref="U1" pin="4"/>
      <node ref="R8" pin="1"/>
      <node ref="J7" pin="1"/>
      <node ref="U4" pin="22"/>
      <node ref="U4" pin="16"/>
      <node ref="L1" pin="2"/>
    </net>
    <net code="12" name="Net-(U4-Pad24)">
      <node ref="Y1" pin="1"/>
      <node ref="U4" pin="24"/>
    </net>
    <net code="13" name="SW_FWD">
      <node ref="SW1" pin="1"/>
      <node ref="J12" pin="3"/>
      <node ref="R7" pin="2"/>
      <node ref="U4" pin="39"/>
    </net>
    <net code="14" name="SW_REV">
      <node ref="U4" pin="40"/>
      <node ref="J12" pin="2"/>
      <node ref="R8" pin="2"/>
      <node ref="SW2" pin="1"/>
    </net>
    <net code="15" name="PWMB">
      <node ref="U4" pin="36"/>
      <node ref="J10" pin="1"/>
      <node ref="U2" pin="7"/>
    </net>
    <net code="16" name="mSproc+">
      <node ref="C4" pin="1"/>
      <node ref="J1" pin="1"/>
      <node ref="U2" pin="2"/>
      <node ref="J8" pin="2"/>
    </net>
    <net code="17" name="mSproc-">
      <node ref="C4" pin="2"/>
      <node ref="J8" pin="1"/>
      <node ref="J5" pin="1"/>
      <node ref="U2" pin="3"/>
    </net>
    <net code="18" name="mTape+">
      <node ref="C5" pin="1"/>
      <node ref="J9" pin="2"/>
      <node ref="U2" pin="4"/>
      <node ref="J16" pin="1"/>
    </net>
    <net code="19" name="mTape-">
      <node ref="U2" pin="5"/>
      <node ref="C5" pin="2"/>
      <node ref="J9" pin="1"/>
      <node ref="J17" pin="1"/>
    </net>
    <net code="20" name="H-Mode">
      <node ref="U4" pin="30"/>
      <node ref="J10" pin="5"/>
      <node ref="U2" pin="11"/>
    </net>
    <net code="21" name="PWMA">
      <node ref="U4" pin="34"/>
      <node ref="J10" pin="3"/>
      <node ref="U2" pin="9"/>
    </net>
    <net code="22" name="DirB">
      <node ref="U4" pin="35"/>
      <node ref="J10" pin="2"/>
      <node ref="U2" pin="8"/>
    </net>
    <net code="23" name="SW_MSW">
      <node ref="J12" pin="4"/>
      <node ref="R9" pin="2"/>
      <node ref="U4" pin="38"/>
      <node ref="SW3" pin="1"/>
    </net>
    <net code="24" name="UART2_TX">
      <node ref="J7" pin="8"/>
      <node ref="U4" pin="44"/>
    </net>
    <net code="25" name="Net-(D1-Pad2)">
      <node ref="D1" pin="2"/>
      <node ref="R10" pin="2"/>
    </net>
    <net code="26" name="ST_LED">
      <node ref="U4" pin="41"/>
      <node ref="D1" pin="1"/>
      <node ref="J12" pin="1"/>
    </net>
    <net code="27" name="UART0_RX">
      <node ref="J2" pin="2"/>
      <node ref="U4" pin="47"/>
      <node ref="J2" pin="1"/>
    </net>
    <net code="28" name="Net-(U1-Pad2)">
      <node ref="U1" pin="2"/>
    </net>
    <net code="29" name="GND">
      <node ref="J7" pin="3"/>
      <node ref="J7" pin="5"/>
      <node ref="C14" pin="2"/>
      <node ref="U2" pin="13"/>
      <node ref="C16" pin="2"/>
      <node ref="Y1" pin="4"/>
      <node ref="Y1" pin="2"/>
      <node ref="C12" pin="2"/>
      <node ref="C15" pin="2"/>
      <node ref="U5" pin="2"/>
      <node ref="U4" pin="49"/>
      <node ref="U4" pin="23"/>
      <node ref="C10" pin="2"/>
      <node ref="C11" pin="2"/>
      <node ref="SW4" pin="2"/>
      <node ref="C17" pin="2"/>
      <node ref="R5" pin="1"/>
      <node ref="SW3" pin="2"/>
      <node ref="C7" pin="1"/>
      <node ref="SW2" pin="2"/>
      <node ref="SW1" pin="2"/>
      <node ref="Q1" pin="2"/>
      <node ref="C6" pin="2"/>
      <node ref="U2" pin="6"/>
      <node ref="C3" pin="2"/>
      <node ref="R12" pin="1"/>
      <node ref="C2" pin="2"/>
      <node ref="C1" pin="2"/>
      <node ref="J7" pin="9"/>
      <node ref="U4" pin="2"/>
      <node ref="U1" pin="3"/>
      <node ref="U1" pin="7"/>
    </net>
    <net code="30" name="GNDA">
      <node ref="J15" pin="3"/>
      <node ref="J15" pin="4"/>
      <node ref="J2" pin="3"/>
      <node ref="J2" pin="4"/>
      <node ref="R12" pin="2"/>
      <node ref="J3" pin="1"/>
    </net>
    <net code="31" name="+5V">
      <node ref="U2" pin="1"/>
      <node ref="C3" pin="1"/>
      <node ref="C2" pin="1"/>
      <node ref="C1" pin="1"/>
      <node ref="J3" pin="2"/>
      <node ref="J2" pin="5"/>
      <node ref="D2" pin="1"/>
      <node ref="J2" pin="6"/>
      <node ref="C6" pin="1"/>
      <node ref="J15" pin="6"/>
      <node ref="J15" pin="5"/>
    </net>
    <net code="32" name="UART0_TX">
      <node ref="J15" pin="1"/>
      <node ref="U4" pin="48"/>
      <node ref="J15" pin="2"/>
    </net>
    <net code="33" name="RESET">
      <node ref="R14" pin="2"/>
      <node ref="J7" pin="10"/>
      <node ref="SW4" pin="1"/>
      <node ref="U4" pin="26"/>
      <node ref="C17" pin="1"/>
    </net>
    <net code="34" name="EncOut">
      <node ref="Q1" pin="3"/>
      <node ref="R2" pin="1"/>
      <node ref="U4" pin="37"/>
      <node ref="J12" pin="5"/>
    </net>
    <net code="35" name="UART2_RX">
      <node ref="J7" pin="7"/>
      <node ref="U4" pin="43"/>
    </net>
    <net code="36" name="DirA">
      <node ref="U4" pin="31"/>
      <node ref="J10" pin="4"/>
      <node ref="U2" pin="10"/>
    </net>
    <net code="37" name="Foto">
      <node ref="J12" pin="6"/>
      <node ref="Q1" pin="1"/>
      <node ref="R5" pin="2"/>
      <node ref="U1" pin="6"/>
    </net>
    <net code="38" name="Net-(U3-Pad6)">
      <node ref="U3" pin="6"/>
    </net>
    <net code="39" name="Net-(U4-Pad18)">
      <node ref="U4" pin="18"/>
    </net>
    <net code="40" name="Net-(U4-Pad19)">
      <node ref="U4" pin="19"/>
    </net>
    <net code="41" name="Net-(U3-Pad1)">
      <node ref="U3" pin="1"/>
    </net>
    <net code="42" name="Net-(U3-Pad2)">
      <node ref="U3" pin="2"/>
    </net>
    <net code="43" name="Net-(U3-Pad3)">
      <node ref="U3" pin="3"/>
    </net>
    <net code="44" name="Net-(U3-Pad4)">
      <node ref="U3" pin="4"/>
    </net>
    <net code="45" name="Net-(U3-Pad5)">
      <node ref="U3" pin="5"/>
    </net>
    <net code="46" name="Net-(U4-Pad28)">
      <node ref="U4" pin="28"/>
    </net>
    <net code="47" name="Net-(U3-Pad7)">
      <node ref="U3" pin="7"/>
    </net>
    <net code="48" name="Net-(U1-Pad5)">
      <node ref="U1" pin="5"/>
    </net>
    <net code="49" name="Net-(U4-Pad46)">
      <node ref="U4" pin="46"/>
    </net>
    <net code="50" name="Net-(U4-Pad45)">
      <node ref="U4" pin="45"/>
    </net>
    <net code="51" name="Net-(U4-Pad42)">
      <node ref="U4" pin="42"/>
    </net>
    <net code="52" name="Net-(U4-Pad33)">
      <node ref="U4" pin="33"/>
    </net>
    <net code="53" name="Net-(U4-Pad32)">
      <node ref="U4" pin="32"/>
    </net>
    <net code="54" name="Net-(U4-Pad29)">
      <node ref="U4" pin="29"/>
    </net>
    <net code="55" name="Net-(U4-Pad27)">
      <node ref="U4" pin="27"/>
    </net>
    <net code="56" name="Net-(U4-Pad3)">
      <node ref="U4" pin="3"/>
    </net>
    <net code="57" name="Net-(U4-Pad4)">
      <node ref="U4" pin="4"/>
    </net>
    <net code="58" name="Net-(U4-Pad7)">
      <node ref="U4" pin="7"/>
    </net>
    <net code="59" name="Net-(U4-Pad8)">
      <node ref="U4" pin="8"/>
    </net>
    <net code="60" name="Net-(U4-Pad21)">
      <node ref="U4" pin="21"/>
    </net>
    <net code="61" name="Net-(R1-Pad1)">
      <node ref="R1" pin="1"/>
      <node ref="U1" pin="1"/>
    </net>
    <net code="62" name="Net-(J7-Pad6)">
      <node ref="J7" pin="6"/>
    </net>
    <net code="63" name="Net-(C13-Pad2)">
      <node ref="U4" pin="11"/>
      <node ref="U4" pin="12"/>
      <node ref="C8" pin="2"/>
      <node ref="C13" pin="2"/>
      <node ref="C9" pin="2"/>
    </net>
  </nets>
</export>
